REF_AREA,TIME_PERIOD,IMF_WEO_NGDP_RPCH,IMF_WEO_TM_RPCH,IMF_WEO_TMG_RPCH,IMF_WEO_TX_RPCH,IMF_WEO_TXG_RPCH,IMF_WEO_NGSD_NGDP,IMF_WEO_NID_NGDP,IMF_WEO_GGXCNL_NGDP,IMF_WEO_GGXONLB_NGDP,IMF_WEO_GGX_NGDP,IMF_WEO_GGXWDG_NGDP,IMF_WEO_LP,IMF_WEO_BCA_NGDPD,IMF_WEO_PPPSH,IMF_WEO_BCA
ARE,2000,12.322,9.163,9.855,19.771,21.257,38.233,21.926,10.66,10.728,21.788,3.12,2.995,16.307,0.606,16.794
ARE,2001,1.399,9.846,11.969,3.976,3.46,31.575,22.502,1.205,1.298,25.228,2.69,3.167,9.072,0.6,9.373
ARE,2002,2.433,13.019,11.235,7.244,7.145,25.862,22.546,-1.238,-1.21,21.333,3.427,3.349,3.316,0.598,3.642
ARE,2003,8.801,13.672,15.142,19.577,20.53,27.913,22.13,2.352,2.356,20.05,3.332,3.551,5.783,0.625,7.191
ARE,2004,9.566,24.479,26.506,19.514,20.497,26.411,19.98,6.4,6.456,17.709,4.08,3.761,6.43,0.65,9.505
ARE,2005,4.855,12.664,10.723,15.377,14.535,33.332,20.167,15.987,16.024,15.744,4.482,4.106,13.165,0.651,23.778
ARE,2006,9.837,8.805,6.889,12.494,11.823,36.585,19.271,20.15,20.151,15.627,5.052,5.012,17.315,0.68,38.459
ARE,2007,3.184,38.004,40.749,15.46,15.671,32.834,25.202,17.126,17.133,17.657,8.892,6.219,7.631,0.666,19.68
ARE,2008,3.192,19.315,23.125,17.495,18.066,32.158,25.099,17.638,17.671,21.951,8.949,8.074,7.059,0.668,22.267
ARE,2009,-5.243,-13.885,-14.14,-10.751,-11.843,34.729,31.634,-6.127,-5.95,34.997,21.136,8.2,3.095,0.636,7.848
ARE,2010,5.284,-1.465,-1.919,5.107,3.503,33.709,29.646,0.532,0.847,31.114,18.799,8.264,4.063,0.636,12.196
ARE,2011,6.216,9.809,11.406,17.594,19.095,37.387,25.326,5.166,5.345,30.293,20.862,8.394,12.06,0.65,43.517
ARE,2012,1.824,10.536,11.015,17.475,17.779,42.926,23.92,8.771,9.077,28.382,20.657,8.526,19.006,0.643,73.101
ARE,2013,5.056,10.739,10.88,8.613,8.185,39.931,21.638,8.183,8.585,29.561,15.611,8.661,18.293,0.627,73.213
ARE,2014,4.166,13.202,6.007,5.89,-4.318,35.86,22.701,1.789,2.057,32.25,13.819,8.799,13.159,0.634,54.491
ARE,2015,6.787,3.129,2.765,4.014,1.229,27.067,22.327,-6.555,-6.35,27.239,16.104,8.939,4.74,0.554,17.551
ARE,2016,5.561,3.68,3.355,5.702,3.961,25.21,21.636,-3.051,-2.905,32.775,19.267,9.121,3.575,0.532,13.2
ARE,2017,0.735,0.685,0.871,0.907,0.7,28.323,21.281,-0.164,-0.03,28.136,21.864,9.304,7.042,0.526,27.5
ARE,2018,1.314,-0.15,-5.91,-0.784,-4.495,31.488,21.831,3.77,4.003,26.692,21.329,9.367,9.658,0.515,41.242
ARE,2019,1.108,-3.033,-3.558,-0.217,-1.395,32.998,24.069,2.59,2.885,28.449,26.801,9.504,8.929,0.506,37.321
ARE,2020,-4.957,-17.988,-12.521,-8.457,-8.412,29.367,23.329,-2.468,-2.17,31.131,41.086,9.282,6.038,0.496,21.103
ARE,2021,4.355,7.159,5.544,1.404,-0.743,37.377,25.827,4.033,4.334,26.39,35.885,9.558,11.549,0.486,47.951
ARE,2022,7.85,14.055,15.505,6.246,6.83,35.483,23.84,9.889,10.399,22.936,31.082,9.558,11.549,0.507,47.951
BRA,2000,4.388,14.735,13.111,12.92,10.815,14.855,18.903,-4.079,2.519,41.383,62.198,169.591,-4.048,3.115,-26.531
BRA,2001,1.39,3.027,2.668,8.702,9.166,14.297,18.742,-4.079,2.519,41.383,67.331,171.975,-4.445,3.083,-24.89
BRA,2002,3.053,-11.773,-11.801,8.471,8.729,15.604,17.449,-4.594,2.91,46.113,76.095,174.21,-1.845,3.09,-9.407
BRA,2003,1.141,-2.674,-3.545,14.237,15.561,17.25,16.857,-5.883,3.071,42.742,71.514,176.366,0.393,3.004,2.193
BRA,2004,5.76,13.783,16.99,16.029,17.193,19.251,17.913,-3.42,3.586,41.092,68.025,178.471,1.339,3.017,8.959
BRA,2005,3.202,9.31,5.204,10.304,9.864,18.515,17.205,-3.664,3.565,43.361,66.969,180.546,1.31,2.974,11.679
BRA,2006,3.962,14.823,16.027,3.758,3.383,18.789,17.816,-3.418,2.957,42.742,64.599,182.567,0.973,2.938,10.774
BRA,2007,6.07,23.092,23.664,6.156,5.484,19.622,19.819,-2.232,3.309,41.581,63.025,184.496,-0.197,2.96,-2.754
BRA,2008,5.094,14.845,17.424,-1.738,-2.19,19.52,21.619,-2.315,3.291,41.674,61.42,186.42,-2.099,3.022,-35.602
BRA,2009,-0.126,-11.875,-17.463,-8.625,-10.424,17.039,18.796,-3.22,1.922,41.713,64.702,188.588,-1.757,3.031,-29.328
BRA,2010,7.528,37.167,37.121,7.173,8.544,17.875,21.801,-3.107,1.986,42.165,62.433,190.756,-3.926,3.097,-86.718
BRA,2011,3.974,7.313,8.597,2.361,2.966,18.629,21.826,-2.337,3.121,42.066,60.634,191.765,-3.197,3.099,-83.576
BRA,2012,1.921,0.513,-1.726,1.011,-0.314,17.656,21.417,-1.67,2.892,41.923,61.614,192.763,-3.761,2.971,-92.678
BRA,2013,3.005,7.518,7.632,2.877,3.058,18.118,21.694,-2.979,1.972,42.548,59.595,193.826,-3.576,2.959,-88.384
BRA,2014,0.504,0.058,-2.38,-0.362,-2.102,16.05,20.548,-5.686,-0.313,44.168,61.617,194.906,-4.499,2.901,-110.493
BRA,2015,-3.546,-12.793,-15.276,8.887,8.798,13.889,17.412,-8.801,-0.377,49.15,71.73,196.019,-3.523,2.687,-63.409
BRA,2016,-3.276,-8.721,-11.087,4.214,4.032,13.27,14.97,-7.582,-1.6,48.592,77.422,197.051,-1.699,2.523,-30.529
BRA,2017,1.323,7.79,10.205,4.785,7.223,13.398,14.626,-8.498,-2.201,48.289,82.745,198.042,-1.228,2.46,-25.337
BRA,2018,1.784,7.332,14.518,3.417,4.36,12.237,15.095,-7.009,-0.957,47.51,84.777,199.067,-2.858,2.418,-54.794
BRA,2019,1.221,4.531,5.697,-1.674,-2.03,11.886,15.517,-5.032,-0.335,46.808,87.118,200.047,-3.631,2.382,-68.022
BRA,2020,-3.277,-8.173,-3.458,-1.334,0.038,14.205,16.116,-11.87,-7.859,49.915,96.007,200.978,-1.911,2.372,-28.208
BRA,2021,4.763,17.367,22.738,2.283,4.1,16.747,19.522,-2.513,1.961,42.944,88.934,202.02,-2.775,2.336,-46.358
BRA,2022,3.017,0.389,-2.286,6.133,5.417,15.616,18.088,-3.054,2.11,45.626,83.939,203.063,-2.472,2.328,-48.253
CHL,2000,4.972,10.569,13.535,6.072,4.882,22.505,23.751,-0.693,-0.055,22.87,13.146,15.343,-1.011,0.337,-0.791
CHL,2001,3.154,4.997,1.902,7.611,8.384,22.953,24.091,-0.495,-0.037,23.181,14.348,15.52,-1.396,0.34,-0.998
CHL,2002,3.203,1.838,1.142,3.243,0.8,23.122,24.108,-1.171,-0.678,23.202,15.045,15.692,-0.683,0.341,-0.48
CHL,2003,4.723,7.873,10.19,7.01,5.875,23.573,23.399,-0.416,0.112,22.218,12.573,15.857,0.215,0.343,0.164
CHL,2004,6.674,19.506,19.906,15.015,14.881,24.473,21.243,2.051,2.549,20.816,10.314,16.022,3.26,0.348,3.23
CHL,2005,5.837,18.37,22.703,3.274,2.324,25.156,23.268,4.568,5.006,20.249,7.04,16.183,1.913,0.351,2.339
CHL,2006,6.05,12.536,12.781,5.225,3.786,27.682,22.186,7.509,7.681,18.73,5.022,16.348,5.497,0.354,8.456
CHL,2007,5.168,13.754,16.738,6.752,6.624,27.466,22.348,7.955,7.77,19.307,3.901,16.518,5.055,0.354,8.723
CHL,2008,3.789,10.858,15.963,-0.504,-1.888,24.133,28.897,3.93,3.573,21.791,4.916,16.698,-4.192,0.357,-7.532
CHL,2009,-1.118,-17.701,-20.105,-4.203,-3.124,24.317,22.92,-4.259,-4.459,24.976,5.845,16.881,1.44,0.354,2.473
CHL,2010,5.852,25.243,31.127,1.869,0.317,25.659,24.775,-0.363,-0.312,23.466,8.607,17.064,0.896,0.356,1.944
CHL,2011,6.224,15.839,17.385,5.192,4.363,21.706,26.646,1.427,1.524,22.886,11.127,17.254,-4.92,0.364,-12.361
CHL,2012,6.155,3.816,6.067,0.323,2.063,23.5,28.791,0.682,0.792,23.089,11.939,17.443,-5.326,0.371,-14.23
CHL,2013,3.309,1.764,1.074,3.072,3.692,22.702,27.497,-0.47,-0.389,23.113,12.784,17.612,-4.779,0.371,-13.247
CHL,2014,1.793,-6.485,-6.776,0.576,1.729,21.709,25.158,-1.496,-1.352,23.853,15.02,17.788,-3.463,0.367,-8.982
CHL,2015,2.152,-1.177,-0.658,-2.578,-1.902,22.778,25.599,-2.089,-1.871,25.028,17.375,17.971,-2.734,0.361,-6.629
CHL,2016,1.753,1.387,1.19,0.727,0.484,21.127,23.709,-2.661,-2.377,25.367,21.101,18.167,-2.621,0.353,-6.535
CHL,2017,1.358,5.07,4.901,-0.503,-1.864,19.875,22.637,-2.628,-2.267,25.493,23.652,18.419,-2.756,0.355,-7.616
CHL,2018,3.99,8.3,8.596,4.609,5.896,19.634,24.203,-1.482,-1.112,25.616,25.798,18.751,-4.49,0.357,-13.264
CHL,2019,0.634,-1.918,-2.128,-2.696,-2.241,19.702,24.939,-2.731,-2.38,26.497,28.33,19.107,-5.217,0.349,-14.506
CHL,2020,-6.143,-12.579,-9.776,-1.139,2.876,19.132,21.058,-7.094,-6.574,29.088,32.38,19.458,-1.949,0.338,-4.952
CHL,2021,11.334,31.626,35.448,-1.547,-1.056,16.646,24.069,-7.52,-6.899,33.595,36.426,19.458,-7.275,0.353,-22.96
CHL,2022,2.059,2.027,-2.124,0.971,-1.504,16.875,25.588,1.355,1.833,26.646,37.796,19.458,-8.659,0.349,-26.163
CHN,2000,8.472,25.942,26.932,26.654,27.148,35.43,33.735,-2.846,-2.114,16.268,22.987,1267.43,1.695,7.201,20.432
CHN,2001,8.319,14.459,14.666,11.266,10.817,37.0,35.694,-2.596,-1.872,17.44,24.575,1276.27,1.305,7.614,17.405
CHN,2002,9.115,22.246,22.278,25.071,25.455,38.686,36.27,-2.884,-2.324,18.464,25.916,1284.53,2.417,8.082,35.422
CHN,2003,10.021,32.446,33.581,31.477,33.373,42.298,39.7,-2.394,-1.691,18.228,26.8,1292.27,2.598,8.545,43.052
CHN,2004,10.114,20.377,19.125,26.92,25.401,45.509,41.973,-1.512,-1.041,17.871,26.393,1299.88,3.536,8.937,68.941
CHN,2005,11.389,13.385,12.862,24.338,24.822,46.054,40.273,-1.401,-0.967,18.267,26.312,1307.56,5.781,9.509,132.378
CHN,2006,12.71,17.693,17.005,26.019,25.983,48.299,39.881,-1.144,-0.7,18.339,25.568,1314.48,8.418,10.184,231.843
CHN,2007,14.247,14.901,12.85,21.128,19.733,50.354,40.421,0.059,0.448,18.151,29.164,1321.29,9.933,11.049,353.183
CHN,2008,9.592,7.545,5.152,10.836,9.386,51.613,42.425,-0.025,0.386,22.525,27.159,1328.02,9.188,11.764,420.569
CHN,2009,9.446,3.117,2.986,-10.56,-10.801,50.249,45.469,-1.751,-1.322,25.654,34.567,1334.5,4.78,12.932,243.257
CHN,2010,10.611,23.094,23.377,28.461,29.045,50.909,46.968,-0.362,0.089,25.094,33.924,1340.91,3.941,13.591,237.81
CHN,2011,9.551,13.422,11.734,10.964,11.164,48.846,47.029,-0.098,0.394,27.119,33.772,1349.16,1.817,14.331,136.097
CHN,2012,7.848,6.591,5.793,5.882,6.79,48.708,46.186,-0.302,0.187,28.159,34.393,1359.22,2.522,14.998,215.392
CHN,2013,7.771,10.647,9.702,8.76,9.583,47.676,46.136,-0.836,-0.324,28.564,37.035,1367.26,1.54,15.37,148.204
CHN,2014,7.391,7.774,3.717,4.295,4.306,47.855,45.612,-0.683,-0.128,28.89,39.969,1376.46,2.243,15.654,236.047
CHN,2015,7.018,-0.438,-0.67,-2.156,-2.281,45.669,43.033,-2.544,-2.031,31.552,41.489,1383.26,2.637,15.939,293.022
CHN,2016,6.851,4.387,5.432,0.679,1.293,44.359,42.655,-3.392,-2.712,32.316,50.701,1392.32,1.704,16.053,191.337
CHN,2017,6.947,6.227,7.297,6.954,8.604,44.71,43.172,-3.403,-2.647,32.635,54.951,1400.11,1.538,16.148,188.676
CHN,2018,6.751,7.341,8.596,4.249,4.014,44.136,43.961,-4.283,-3.475,33.277,56.659,1405.41,0.174,16.645,24.131
CHN,2019,5.951,-1.74,0.438,1.957,-0.277,43.786,43.068,-6.102,-5.25,34.153,60.404,1410.08,0.718,17.161,102.91
CHN,2020,2.242,-6.685,0.002,-3.15,4.781,44.531,42.857,-9.718,-8.761,35.403,70.137,1412.12,1.674,18.069,248.836
CHN,2021,8.45,10.452,10.666,18.517,16.22,45.276,43.289,-6.045,-5.133,32.686,71.836,1412.6,1.987,18.418,352.886
CHN,2022,2.989,-2.639,-5.855,-0.166,-3.21,45.479,43.227,-7.507,-6.563,33.481,77.088,1411.75,2.251,18.351,401.855
COL,2000,2.925,15.145,11.056,-0.484,-1.815,15.847,15.821,-2.937,0.776,26.579,37.988,39.152,0.852,0.523,0.845
COL,2001,1.678,8.74,14.781,2.811,0.742,15.067,17.04,-2.709,1.505,27.507,41.095,39.656,-1.066,0.519,-1.04
COL,2002,2.504,0.329,-1.126,-2.377,-4.508,16.019,18.345,-3.452,0.295,28.074,47.545,40.156,-1.324,0.518,-1.289
COL,2003,3.918,8.17,3.785,7.36,5.781,17.79,19.866,-2.702,1.289,28.014,45.039,40.661,-0.969,0.517,-0.912
COL,2004,5.333,10.272,9.616,9.809,11.579,18.888,20.672,-1.311,1.387,26.631,41.482,41.166,-0.666,0.517,-0.775
COL,2005,4.447,11.902,18.791,5.714,11.239,20.318,21.656,-0.021,2.062,25.889,38.532,41.672,-1.338,0.516,-1.948
COL,2006,6.717,17.683,16.401,9.518,9.258,21.09,22.939,-0.993,1.692,28.441,35.969,42.17,-1.849,0.524,-2.991
COL,2007,6.738,13.857,16.27,6.221,7.899,20.472,23.454,-0.82,1.846,28.162,32.663,42.659,-2.982,0.531,-6.15
COL,2008,3.283,12.512,6.161,2.037,7.363,21.042,23.721,0.042,2.2,28.429,32.382,43.134,-2.679,0.532,-6.497
COL,2009,1.14,-8.648,-9.914,-5.208,5.867,20.081,21.988,-2.674,-1.052,30.914,35.387,43.609,-1.907,0.541,-4.433
COL,2010,4.495,10.829,11.505,2.063,-0.182,18.893,21.889,-3.303,-1.252,30.35,36.497,44.086,-2.996,0.537,-8.583
COL,2011,6.948,20.23,22.741,12.258,13.793,20.09,22.996,-1.993,0.089,30.233,35.784,44.553,-2.906,0.553,-9.735
COL,2012,3.913,9.376,9.14,4.472,4.812,18.965,22.105,0.155,1.821,29.093,33.967,45.002,-3.14,0.549,-11.64
COL,2013,5.134,8.523,3.857,4.678,3.38,18.947,22.183,-1.021,0.947,29.998,37.592,45.435,-3.236,0.559,-12.365
COL,2014,4.499,7.759,12.339,-0.29,2.612,18.805,24.003,-1.744,-0.161,31.261,43.319,45.866,-5.198,0.569,-19.819
COL,2015,2.956,-1.08,-6.018,1.658,-0.294,17.401,23.774,-3.52,-1.715,31.277,50.419,46.314,-6.372,0.562,-18.702
COL,2016,2.088,-3.541,-12.54,-0.208,-1.345,18.715,23.167,-2.274,-0.351,29.994,49.796,46.83,-4.452,0.577,-12.587
COL,2017,1.359,1.019,-0.84,2.569,0.489,18.417,21.599,-2.496,-0.497,29.32,49.436,47.419,-3.182,0.571,-9.924
COL,2018,2.564,5.805,8.344,0.642,-6.533,16.993,21.195,-4.668,-2.493,34.658,53.584,48.258,-4.202,0.565,-14.041
COL,2019,3.187,7.343,1.591,3.084,0.358,16.797,21.381,-3.482,-1.011,32.879,52.401,49.396,-4.584,0.567,-14.809
COL,2020,-7.186,-20.093,-15.954,-22.459,-6.044,15.7,19.128,-6.954,-4.39,33.542,65.674,50.372,-3.428,0.542,-9.267
COL,2021,10.801,26.729,16.23,14.633,0.564,13.28,18.917,-7.085,-4.352,34.302,64.039,51.049,-5.637,0.565,-17.956
COL,2022,7.289,23.614,13.201,12.305,7.261,13.557,19.744,-6.17,-2.356,33.934,60.055,51.609,-6.187,0.586,-21.367
CZE,2000,4.001,14.358,17.983,14.781,16.509,27.551,31.946,-3.576,-3.432,40.847,16.989,10.278,-4.395,0.342,-2.717
CZE,2001,3.043,11.347,13.537,9.429,14.927,27.294,32.121,-5.76,-5.426,43.31,22.706,10.232,-4.826,0.344,-3.273
CZE,2002,1.57,4.984,5.008,0.922,8.214,25.549,30.617,-6.351,-6.023,44.658,25.832,10.201,-5.068,0.34,-4.165
CZE,2003,3.584,9.468,10.012,8.823,12.716,24.005,29.694,-6.858,-6.442,49.119,28.158,10.193,-5.689,0.338,-5.696
CZE,2004,4.814,25.586,29.889,29.679,40.7,26.309,30.025,-2.37,-1.772,42.324,28.367,10.195,-3.716,0.337,-4.452
CZE,2005,6.602,12.48,13.049,18.158,22.963,27.459,29.551,-3.027,-2.375,42.37,27.702,10.199,-2.092,0.343,-2.869
CZE,2006,6.767,11.482,11.258,14.289,14.365,27.929,30.383,-2.15,-1.528,41.461,27.56,10.224,-2.453,0.348,-3.834
CZE,2007,5.57,12.879,13.754,11.031,11.62,27.805,32.394,-0.645,-0.023,40.439,27.325,10.254,-4.589,0.349,-8.718
CZE,2008,2.686,3.178,2.713,4.214,4.177,29.47,31.331,-1.964,-1.325,40.869,28.118,10.343,-1.861,0.348,-4.414
CZE,2009,-4.657,-11.077,-11.712,-9.828,-10.55,24.545,26.801,-5.411,-4.485,44.357,33.356,10.426,-2.256,0.333,-4.682
CZE,2010,2.435,14.812,14.865,14.662,15.927,23.809,27.36,-4.152,-3.129,43.63,37.068,10.462,-3.551,0.324,-7.424
CZE,2011,1.76,6.717,6.609,9.164,10.15,25.103,27.191,-2.7,-1.636,43.188,39.722,10.487,-2.087,0.318,-4.792
CZE,2012,-0.785,2.635,1.978,4.279,4.182,24.811,26.36,-3.897,-2.738,44.675,44.151,10.505,-1.548,0.305,-3.234
CZE,2013,-0.046,0.062,0.543,0.26,0.693,24.487,25.013,-1.284,-0.193,42.65,44.42,10.516,-0.526,0.306,-1.113
CZE,2014,2.262,10.017,9.98,8.714,9.308,26.191,26.01,-2.075,-0.979,42.622,41.854,10.512,0.181,0.311,0.38
CZE,2015,5.388,6.848,7.218,6.032,5.2,28.432,27.983,-0.644,0.271,41.934,39.695,10.538,0.449,0.319,0.843
CZE,2016,2.537,2.83,3.095,4.343,4.398,27.8,26.024,0.712,1.496,39.751,36.581,10.579,1.776,0.327,3.485
CZE,2017,5.169,6.251,6.244,7.198,7.162,27.919,26.372,1.501,2.145,38.98,34.235,10.61,1.547,0.337,3.383
CZE,2018,3.22,5.784,5.479,3.707,3.539,27.642,27.197,0.893,1.48,40.595,32.058,10.65,0.445,0.335,1.109
CZE,2019,3.03,1.545,0.73,1.479,1.334,27.938,27.607,0.289,0.789,41.054,30.049,10.694,0.331,0.336,0.835
CZE,2020,-5.503,-8.196,-6.213,-8.031,-6.257,28.145,26.154,-5.766,-5.169,47.219,37.656,10.702,1.991,0.327,4.898
CZE,2021,3.553,13.323,14.101,6.895,6.878,27.467,30.218,-5.085,-4.482,46.507,42.018,10.517,-2.751,0.318,-7.751
CZE,2022,2.328,6.283,3.701,7.227,5.899,26.036,32.155,-3.211,-2.656,44.59,44.169,10.828,-6.119,0.315,-17.78
EGY,2000,5.383,-1.799,-0.451,8.989,15.818,17.486,18.596,1.32,5.879,25.992,71.687,64.0,-1.11,0.818,-1.163
EGY,2001,3.524,7.962,-6.378,2.83,8.396,17.334,17.366,-1.07,2.672,27.862,79.146,65.3,-0.033,0.827,-0.033
EGY,2002,3.186,-7.03,-7.098,-1.026,8.837,20.589,19.908,-6.768,-2.762,30.924,85.776,66.6,0.68,0.83,0.614
EGY,2003,3.193,-5.441,-8.147,8.142,2.908,21.601,19.32,-5.729,-1.421,30.638,97.095,68.0,2.281,0.823,1.943
EGY,2004,4.092,10.116,13.888,27.103,17.913,23.319,19.194,-5.762,-1.45,30.118,96.512,69.3,4.125,0.814,3.418
EGY,2005,4.472,16.678,19.4,8.508,8.737,24.297,21.205,-6.687,-2.297,30.31,98.263,70.7,3.092,0.812,2.911
EGY,2006,6.844,15.298,13.402,8.08,13.858,24.655,23.104,-7.355,-2.583,34.54,85.924,72.2,1.552,0.825,1.752
EGY,2007,7.088,11.262,17.65,12.409,14.53,29.166,27.51,-4.899,-0.59,31.261,76.268,73.6,1.656,0.839,2.269
EGY,2008,7.156,22.666,21.092,14.787,4.712,29.008,28.487,-6.049,-2.377,32.689,66.761,75.2,0.52,0.873,0.888
EGY,2009,4.674,-3.058,-1.716,-13.379,-0.972,19.664,21.895,-6.195,-3.196,32.526,69.45,76.9,-2.231,0.918,-4.424
EGY,2010,5.147,-7.107,-5.937,-2.207,-9.25,19.421,21.298,-7.447,-3.159,31.358,69.59,78.7,-1.877,0.917,-4.318
EGY,2011,1.765,-3.197,-1.808,-6.804,-4.297,14.627,17.084,-9.6,-4.756,30.549,72.83,80.5,-2.457,0.898,-6.088
EGY,2012,2.226,3.431,2.656,-8.283,-15.486,15.157,18.603,-9.471,-4.68,29.191,69.862,82.5,-3.445,1.003,-10.146
EGY,2013,3.302,1.23,-0.279,10.736,10.529,14.446,16.553,-12.279,-5.616,32.886,79.812,84.6,-2.108,0.986,-6.39
EGY,2014,2.93,3.876,5.328,-12.789,-5.982,15.038,15.892,-10.723,-4.031,33.892,80.874,86.8,-0.854,0.944,-2.746
EGY,2015,4.36,19.339,18.136,18.818,9.112,13.15,16.618,-10.37,-3.908,31.265,83.754,89.0,-3.468,1.0,-12.143
EGY,2016,4.34,5.358,8.126,-6.494,4.453,11.802,17.445,-11.796,-4.084,30.968,91.586,91.0,-5.643,0.959,-19.831
EGY,2017,4.191,1.206,0.98,2.324,9.999,11.313,17.145,-9.898,-2.381,30.553,97.8,95.2,-5.832,0.912,-14.394
EGY,2018,5.327,-0.175,-0.664,18.346,9.131,16.443,18.709,-8.975,-0.401,28.631,87.949,97.1,-2.266,0.928,-5.962
EGY,2019,5.548,3.334,2.369,9.638,6.428,16.627,20.054,-7.595,1.288,26.898,80.092,98.1,-3.427,0.953,-10.894
EGY,2020,3.573,-0.066,-1.682,-4.414,3.703,13.076,15.995,-7.469,1.188,25.695,86.222,100.6,-2.919,1.016,-11.167
EGY,2021,3.253,-3.564,-1.519,-10.43,5.326,10.816,15.172,-6.955,1.071,25.543,89.903,102.1,-4.355,0.986,-18.436
EGY,2022,6.653,-3.564,-1.519,-10.43,5.326,13.536,17.019,-5.779,0.429,24.701,88.534,103.6,-3.483,1.018,-16.551
GRC,2000,3.92,20.369,15.957,23.258,14.204,19.825,25.753,-4.063,2.789,46.426,104.934,10.776,-5.927,0.417,-7.836
GRC,2001,4.132,1.085,-0.324,23.258,0.953,18.664,25.551,-5.466,0.819,45.986,107.081,10.836,-6.887,0.424,-9.388
GRC,2002,3.923,-3.716,0.917,-7.372,-6.969,18.435,24.689,-6.024,-0.455,45.797,104.863,10.888,-6.254,0.429,-9.659
GRC,2003,5.795,7.192,10.194,-0.565,-2.06,21.005,27.301,-7.83,-2.933,46.592,101.456,10.916,-6.296,0.436,-12.738
GRC,2004,5.061,4.593,2.81,19.38,11.028,19.706,25.238,-8.828,-4.043,47.615,102.873,10.94,-5.532,0.435,-13.325
GRC,2005,0.599,0.934,0.167,2.834,8.317,14.681,22.028,-6.188,-1.494,45.562,107.395,10.97,-7.347,0.418,-18.22
GRC,2006,5.652,13.214,14.021,4.558,11.158,15.224,26.085,-5.946,-1.529,45.117,103.612,11.005,-10.86,0.42,-29.71
GRC,2007,3.274,15.364,16.459,10.497,11.612,12.982,26.903,-6.707,-2.208,47.069,103.103,11.036,-13.921,0.411,-44.399
GRC,2008,-0.335,1.641,-1.008,3.891,0.016,9.954,24.435,-10.176,-5.361,50.845,109.415,11.061,-14.481,0.398,-51.535
GRC,2009,-4.301,-20.197,-21.361,-19.181,-13.302,7.415,18.284,-15.215,-10.175,54.084,126.745,11.095,-10.869,0.383,-35.972
GRC,2010,-5.478,-3.082,-5.992,4.566,7.723,7.82,17.862,-11.397,-5.303,52.957,147.494,11.119,-10.042,0.344,-29.861
GRC,2011,-10.149,-9.599,-9.434,0.547,5.817,3.853,14.002,-10.508,-2.836,55.12,175.219,11.123,-10.149,0.297,-28.716
GRC,2012,-7.087,-5.585,-4.356,1.645,8.552,9.537,12.097,-6.846,-1.497,54.148,162.115,11.086,-2.561,0.273,-6.202
GRC,2013,-2.516,-3.636,-1.741,12.926,1.056,9.366,11.949,-4.019,0.104,52.46,178.843,11.004,-2.583,0.269,-6.171
GRC,2014,0.476,6.734,6.912,8.01,2.532,9.386,11.879,-4.248,-0.259,51.162,181.753,10.927,-2.493,0.264,-5.872
GRC,2015,-0.196,8.038,4.242,5.463,8.096,10.586,12.065,-2.995,0.566,51.558,179.08,10.858,-1.479,0.258,-2.894
GRC,2016,-0.487,3.001,5.739,0.077,5.31,10.462,12.835,0.302,3.519,50.279,183.698,10.784,-2.373,0.254,-4.583
GRC,2017,1.092,4.951,5.672,7.803,5.803,9.446,12.021,1.118,4.265,48.666,183.205,10.768,-2.575,0.25,-5.143
GRC,2018,1.668,6.619,7.078,8.843,9.734,9.547,13.124,0.799,4.184,48.856,190.674,10.741,-3.577,0.246,-7.589
GRC,2019,1.88,1.16,0.06,3.395,-0.08,10.175,12.408,-0.059,2.942,48.073,185.536,10.725,-2.233,0.244,-4.584
GRC,2020,-9.316,-1.454,3.036,-22.674,0.458,7.072,14.421,-10.513,-7.513,60.195,213.152,10.719,-7.349,0.227,-13.84
GRC,2021,8.38,8.975,5.01,21.463,12.485,10.576,17.679,-7.5,-5.008,57.674,201.133,10.679,-7.103,0.232,-15.258
GRC,2022,5.557,3.413,3.363,9.124,6.063,10.375,21.117,-2.401,0.093,52.909,179.492,10.46,-10.741,0.237,-23.39
HUN,2000,4.479,20.294,12.72,24.945,21.721,21.094,27.961,-3.041,1.717,47.347,55.705,10.222,-8.503,0.286,-4.015
HUN,2001,4.074,5.306,16.35,8.822,7.751,20.656,26.124,-3.999,-0.025,47.252,52.253,10.2,-5.824,0.29,-3.131
HUN,2002,4.741,6.78,7.789,5.725,5.929,18.361,25.495,-8.798,-5.233,50.995,55.579,10.175,-6.344,0.296,-4.289
HUN,2003,4.074,9.288,20.277,6.257,9.142,16.346,24.504,-7.183,-3.508,49.122,58.11,10.142,-7.987,0.296,-6.811
HUN,2004,5.005,17.284,25.276,17.887,18.359,18.069,27.276,-6.591,-2.662,48.722,58.847,10.117,-8.529,0.295,-8.88
HUN,2005,4.294,10.345,24.869,12.875,11.3,18.784,25.868,-7.779,-4.038,49.319,60.518,10.098,-7.188,0.294,-8.138
HUN,2006,3.946,12.891,10.16,19.518,12.657,18.99,26.132,-9.26,-5.663,51.358,64.427,10.077,-7.453,0.29,-8.624
HUN,2007,0.277,13.905,8.576,16.104,11.933,17.579,24.725,-5.083,-1.351,49.861,65.55,10.066,-7.372,0.276,-10.334
HUN,2008,1.004,5.893,-2.441,6.692,-1.521,17.866,24.95,-3.783,-0.184,48.745,71.757,10.045,-7.256,0.271,-11.488
HUN,2009,-6.598,-14.187,-20.449,-10.724,-16.981,20.335,20.944,-4.75,-0.792,50.559,78.032,10.031,-0.797,0.254,-1.044
HUN,2010,1.076,9.745,6.868,11.118,9.535,21.456,21.07,-4.427,-0.685,48.813,80.007,10.014,0.194,0.244,0.256
HUN,2011,1.867,4.054,-0.402,6.408,0.793,21.359,20.676,-5.211,-1.49,49.061,80.338,9.986,0.466,0.24,0.661
HUN,2012,-1.25,-3.141,-2.741,-1.704,-3.287,21.754,20.056,-2.324,1.86,49.116,78.155,9.932,1.547,0.229,1.993
HUN,2013,1.803,4.116,2.434,4.103,3.377,25.113,21.507,-2.597,1.655,50.062,77.198,9.909,3.464,0.229,4.699
HUN,2014,4.232,10.901,10.117,9.198,7.055,25.242,23.927,-2.775,0.967,50.046,76.542,9.877,1.206,0.231,1.701
HUN,2015,3.707,5.677,15.195,7.365,13.879,25.859,23.38,-2.004,1.315,50.38,75.76,9.856,2.347,0.235,2.938
HUN,2016,2.201,3.471,6.078,3.804,5.417,26.03,21.406,-1.797,1.2,46.798,74.85,9.83,4.482,0.235,5.765
HUN,2017,4.272,8.397,8.03,6.475,6.718,25.104,22.925,-2.459,0.12,46.718,72.114,9.798,2.001,0.238,2.863
HUN,2018,5.362,6.964,4.153,4.985,1.062,26.968,26.649,-2.057,0.211,46.096,69.078,9.778,0.159,0.242,0.255
HUN,2019,4.864,8.206,5.882,5.424,4.205,27.578,28.228,-2.047,0.12,46.085,65.333,9.773,-0.815,0.247,-1.337
HUN,2020,-4.536,-3.855,-1.814,-6.148,-1.077,26.131,27.138,-7.56,-5.374,51.421,79.253,9.77,-1.12,0.243,-1.762
HUN,2021,7.086,7.334,-0.188,8.277,0.506,26.442,30.519,-7.156,-5.065,48.394,76.669,9.731,-4.23,0.245,-7.702
HUN,2022,4.555,17.617,19.68,12.607,12.035,25.549,33.626,-6.244,-3.978,48.839,73.907,9.689,-8.222,0.248,-14.645
IDN,2000,4.979,25.495,25.495,17.851,17.851,24.905,25.087,-1.87,1.444,15.303,87.437,206.265,4.452,1.943,7.99
IDN,2001,3.643,-10.439,-10.439,-7.504,-7.504,24.677,25.315,-1.763,3.103,19.509,73.702,209.206,3.954,1.966,6.9
IDN,2002,4.499,3.126,3.126,-1.242,-1.242,23.355,24.215,-0.576,3.848,16.929,62.339,212.19,3.676,1.998,7.822
IDN,2003,4.78,4.083,4.083,-0.017,-0.017,26.71,28.089,-1.077,1.907,18.176,55.643,215.216,3.175,2.012,8.107
IDN,2004,5.031,14.818,14.818,4.95,4.95,23.999,27.358,-0.26,2.242,17.833,51.328,218.285,1.882,2.007,5.258
IDN,2005,5.693,23.946,23.946,11.152,11.152,23.574,28.579,0.462,2.623,17.398,42.612,221.398,0.513,2.026,1.595
IDN,2006,5.501,-2.312,-2.312,2.879,2.879,25.762,28.986,0.451,2.628,18.417,35.848,224.555,2.406,2.031,9.542
IDN,2007,6.345,7.688,7.688,-1.277,-1.277,24.358,28.736,-0.953,0.905,18.735,38.121,227.758,1.446,2.052,6.795
IDN,2008,7.442,17.608,17.608,10.579,10.579,33.02,32.998,0.054,1.687,19.394,30.252,231.006,0.022,2.142,0.126
IDN,2009,4.702,-18.228,-18.228,-7.508,-7.508,33.01,31.173,-1.644,-0.084,17.027,26.483,234.3,1.837,2.252,10.628
IDN,2010,6.378,17.608,17.608,16.074,2.774,33.582,32.88,-1.242,0.045,16.887,26.363,237.641,0.702,2.276,5.303
IDN,2011,6.17,18.258,18.258,14.898,14.321,33.173,32.984,-0.704,0.487,17.714,23.106,241.991,0.189,2.326,1.685
IDN,2012,6.03,15.741,15.741,-0.956,3.967,32.411,35.072,-1.586,-0.42,18.836,22.955,245.425,-2.66,2.391,-24.418
IDN,2013,5.557,1.05,1.05,-1.116,1.097,30.641,33.831,-2.217,-1.033,19.081,24.884,248.818,-3.19,2.394,-29.109
IDN,2014,5.007,0.286,0.286,-0.81,1.726,31.512,34.6,-1.805,-0.542,18.365,24.682,252.165,-3.088,2.386,-27.51
IDN,2015,4.876,-7.457,-7.457,-3.211,-1.4,32.028,34.063,-2.724,-1.37,17.602,27.013,255.588,-2.035,2.36,-17.518
IDN,2016,5.033,0.955,0.955,2.894,-1.243,32.039,33.859,-2.561,-1.087,16.92,27.955,258.497,-1.819,2.356,-16.953
IDN,2017,5.07,10.712,10.712,10.224,11.573,32.116,33.711,-2.264,-0.67,16.444,29.396,261.356,-1.595,2.359,-16.196
IDN,2018,5.174,14.486,14.486,3.462,6.463,31.632,34.571,-1.69,0.048,16.611,30.423,264.162,-2.939,2.395,-30.633
IDN,2019,5.019,-9.654,-9.654,-3.522,-8.58,31.074,33.78,-2.091,-0.35,16.359,30.563,266.912,-2.706,2.448,-30.279
IDN,2020,-2.066,-14.856,-14.856,-8.058,-2.303,31.925,32.343,-6.075,-4.041,18.427,39.747,270.204,-0.419,2.469,-4.433
IDN,2021,3.703,15.164,15.164,21.693,23.767,31.745,31.449,-4.405,-2.382,18.124,41.14,272.249,0.296,2.406,3.511
IDN,2022,5.307,8.885,8.885,-0.659,-5.633,30.748,29.746,-2.191,-0.219,17.361,40.141,274.859,1.002,2.452,13.215
IND,2000,3.841,2.189,-2.196,11.398,16.038,25.108,25.677,-8.409,-4.145,26.086,74.941,1059.63,-0.569,4.354,-2.666
IND,2001,4.824,-0.893,1.528,2.413,2.28,30.61,29.91,-11.033,-6.447,28.276,80.11,1078.97,0.7,4.456,3.4
IND,2002,3.804,12.442,9.916,17.719,17.205,31.483,30.251,-11.072,-6.229,29.115,84.304,1098.31,1.232,4.499,6.344
IND,2003,7.86,8.525,10.953,16.239,12.382,33.157,30.839,-11.428,-6.498,29.942,85.883,1117.42,2.317,4.664,14.082
IND,2004,7.923,35.837,28.658,27.034,15.147,34.748,35.096,-9.221,-4.214,28.45,84.89,1136.27,-0.348,4.78,-2.47
IND,2005,7.923,16.645,13.655,17.903,11.52,36.222,37.429,-7.493,-2.486,26.876,82.378,1154.64,-1.207,4.928,-9.901
IND,2006,8.061,11.499,6.211,15.956,10.262,37.981,38.999,-6.38,-1.486,26.91,77.941,1172.37,-1.017,5.06,-9.565
IND,2007,7.661,18.801,25.413,18.473,17.872,40.658,41.951,-4.586,0.264,26.945,75.455,1189.69,-1.293,5.174,-15.736
IND,2008,3.087,3.673,18.315,7.139,1.79,36.095,38.423,-9.171,-4.411,29.293,74.368,1206.74,-2.328,5.182,-27.914
IND,2009,7.862,7.25,4.722,-5.36,-2.139,36.392,39.257,-9.701,-5.051,28.543,72.77,1223.64,-2.864,5.614,-38.437
IND,2010,8.498,15.996,10.472,27.255,26.203,36.928,39.785,-8.795,-4.497,27.985,67.702,1240.61,-2.857,5.787,-47.867
IND,2011,5.241,10.433,16.396,12.865,13.598,35.402,39.59,-8.349,-4.003,27.641,68.648,1257.62,-4.29,5.862,-78.2
IND,2012,5.456,1.534,1.577,0.16,-0.125,33.541,38.348,-7.55,-3.191,27.364,67.985,1274.49,-4.806,6.097,-87.843
IND,2013,6.386,-3.441,-3.218,4.878,6.781,32.286,34.024,-7.0,-2.439,26.6,67.713,1291.13,-1.737,6.116,-32.257
IND,2014,7.41,6.108,7.399,4.274,5.557,32.954,34.268,-7.071,-2.574,26.22,67.102,1291.13,-1.314,6.171,-26.788
IND,2015,7.996,1.176,0.692,-5.033,-6.299,31.067,32.117,-7.205,-2.684,27.059,69.049,1291.13,-1.05,6.382,-22.086
IND,2016,8.256,4.521,2.241,6.677,7.806,29.547,30.172,-7.12,-2.519,27.233,68.943,1291.13,-0.625,6.64,-14.351
IND,2017,6.795,13.372,11.042,10.18,5.459,29.147,30.982,-6.227,-1.496,26.232,69.669,1291.13,-1.835,6.746,-48.662
IND,2018,6.454,3.942,3.551,4.908,5.331,30.228,32.343,-6.376,-1.671,26.328,70.392,1291.13,-2.116,6.934,-57.183
IND,2019,3.871,-3.742,-5.183,-2.149,-4.609,29.23,30.096,-7.694,-3.001,26.846,75.04,1291.13,-0.866,7.009,-24.551
IND,2020,-5.778,-13.712,-15.042,-6.521,-7.513,29.82,28.922,-12.864,-7.256,31.019,88.427,1291.13,0.898,6.801,24.011
IND,2021,9.69,19.38,19.584,19.741,21.81,30.894,32.116,-8.56,-3.374,28.998,83.487,1291.13,-1.222,7.011,-38.693
IND,2022,6.987,10.04,7.331,9.772,0.797,31.027,33.024,-9.223,-4.299,29.008,81.683,1291.13,-1.997,7.257,-66.97
KOR,2000,9.061,22.093,23.103,16.985,18.906,33.919,32.894,4.05,5.107,16.613,16.682,47.008,1.766,1.554,10.181
KOR,2001,4.852,-3.462,-4.372,-1.799,-1.9,31.993,31.603,2.508,3.526,17.557,17.229,47.37,0.395,1.59,2.165
KOR,2002,7.725,14.891,14.865,12.813,15.748,31.545,31.093,3.346,4.218,16.462,17.041,47.645,0.649,1.666,4.066
KOR,2003,3.147,10.479,11.656,13.58,16.17,33.056,32.28,1.564,2.352,18.525,19.803,47.892,1.609,1.652,11.308
KOR,2004,5.197,12.084,10.743,21.005,20.673,35.555,32.55,0.09,1.048,19.202,22.422,48.083,3.696,1.65,29.29
KOR,2005,4.309,7.753,6.749,7.899,9.24,33.862,32.508,0.992,2.047,18.869,25.899,48.185,1.306,1.644,12.209
KOR,2006,5.264,12.472,12.705,12.045,13.291,32.978,32.993,1.232,2.44,19.461,28.121,48.438,0.199,1.645,2.095
KOR,2007,5.8,11.383,10.244,12.604,12.301,33.598,33.097,2.597,1.83,19.584,27.431,48.684,0.893,1.653,10.473
KOR,2008,3.013,3.263,3.093,7.602,6.04,33.457,33.667,1.648,1.183,19.909,26.949,49.055,0.167,1.654,1.753
KOR,2009,0.793,-6.908,-7.24,-0.457,0.208,33.426,29.4,0.249,-0.445,20.349,29.984,49.308,3.506,1.674,33.088
KOR,2010,6.805,17.51,19.286,13.028,13.803,35.116,32.552,1.675,0.936,18.628,29.49,49.554,2.444,1.699,27.951
KOR,2011,3.686,14.512,17.726,15.417,17.225,34.756,33.319,1.795,1.067,19.07,33.061,49.937,1.327,1.696,16.638
KOR,2012,2.403,2.568,2.124,5.793,5.026,34.776,31.317,1.704,1.251,19.666,35.039,50.2,3.818,1.669,48.791
KOR,2013,3.165,1.64,1.218,3.82,3.919,34.977,29.885,0.826,0.383,19.905,37.686,50.429,5.637,1.631,77.259
KOR,2014,3.202,1.263,0.283,2.096,1.117,35.107,29.79,0.601,0.171,19.758,39.707,50.747,5.593,1.631,83.03
KOR,2015,2.809,2.113,0.673,0.234,-0.303,36.433,29.529,0.522,0.19,19.738,40.784,51.015,7.17,1.724,105.119
KOR,2016,2.947,5.175,3.913,2.372,1.982,36.875,30.143,1.646,1.359,19.488,41.217,51.218,6.531,1.74,97.924
KOR,2017,3.16,8.857,8.849,2.48,4.408,37.092,32.288,2.188,1.844,19.638,40.05,51.362,4.635,1.716,75.231
KOR,2018,2.907,1.713,2.019,3.976,3.267,35.948,31.487,2.563,2.148,20.383,40.022,51.585,4.49,1.705,77.467
KOR,2019,2.244,-1.909,-2.508,0.238,-1.072,34.846,31.495,0.372,-0.144,22.551,42.125,51.765,3.614,1.697,59.676
KOR,2020,-0.709,-3.128,0.348,-1.707,-0.168,36.28,31.885,-2.233,-2.713,25.095,48.698,51.836,4.615,1.735,75.902
KOR,2021,4.305,10.095,12.553,11.095,10.667,36.792,32.327,-0.02,-0.426,25.739,51.255,51.77,4.687,1.701,85.228
KOR,2022,2.613,3.54,4.332,3.429,3.6,34.523,33.181,-1.604,-1.859,28.68,53.803,51.673,1.543,1.689,25.829
MEX,2000,5.029,21.031,21.559,15.27,15.874,19.738,22.265,-2.685,0.327,19.387,38.455,99.369,-2.527,2.667,-18.752
MEX,2001,-0.451,-0.298,-0.584,1.837,2.736,18.077,20.274,-2.573,1.128,19.547,37.315,100.739,-2.197,2.591,-17.491
MEX,2002,-0.237,3.614,1.327,2.739,1.598,18.879,20.408,-2.181,0.807,19.767,39.866,102.167,-1.529,2.515,-12.398
MEX,2003,1.186,3.012,3.022,-1.772,-2.203,20.354,20.881,-2.244,0.612,21.505,42.133,103.588,-0.527,2.445,-4.032
MEX,2004,3.565,7.027,7.158,5.762,5.901,21.581,22.046,-1.346,1.366,20.459,38.906,104.971,-0.465,2.405,-3.809
MEX,2005,2.113,5.926,5.682,6.372,6.613,20.899,21.522,-1.434,1.269,21.156,36.841,106.371,-0.624,2.346,-5.721
MEX,2006,4.805,7.707,7.946,8.698,9.354,22.248,22.564,-1.226,1.363,21.577,35.777,107.886,-0.317,2.337,-3.23
MEX,2007,2.078,5.743,5.082,2.52,2.064,22.227,23.072,-1.458,1.022,22.521,35.529,109.539,-0.845,2.265,-9.311
MEX,2008,0.943,3.812,4.46,-2.055,-2.407,22.715,24.121,-0.681,1.97,26.502,40.605,111.276,-1.407,2.221,-16.341
MEX,2009,-6.295,-16.387,-17.351,-10.104,-10.881,22.508,23.259,-3.935,-0.991,26.517,41.667,113.03,-0.751,2.091,-7.085
MEX,2010,4.971,17.111,19.246,23.08,25.512,22.992,23.331,-3.804,-1.163,26.482,40.155,114.756,-0.34,2.085,-3.754
MEX,2011,3.444,6.235,5.595,9.287,9.777,23.394,24.252,-3.204,-0.685,26.622,41.167,116.446,-0.858,2.076,-10.544
MEX,2012,3.553,5.648,5.603,7.918,8.04,22.968,24.378,-3.566,-0.878,27.0,40.815,118.061,-1.41,2.084,-17.696
MEX,2013,0.852,3.63,3.536,2.702,2.458,20.287,22.681,-3.559,-0.912,26.669,44.066,119.598,-2.394,2.03,-31.778
MEX,2014,2.504,5.962,6.447,7.572,7.209,20.472,22.293,-4.371,-1.684,26.949,47.093,121.049,-1.821,2.052,-24.853
MEX,2015,2.702,4.949,5.173,7.029,6.152,21.137,23.736,-3.859,-1.166,26.557,50.973,122.368,-2.599,2.059,-31.536
MEX,2016,1.772,2.534,2.522,3.067,1.954,22.07,24.343,-2.681,0.341,26.523,55.003,123.587,-2.273,2.11,-25.282
MEX,2017,1.872,5.649,5.538,3.198,2.842,22.095,23.892,-1.034,2.546,25.018,52.521,124.777,-1.798,2.07,-21.404
MEX,2018,1.972,5.604,5.836,6.527,6.972,21.413,23.477,-2.139,1.536,24.97,52.202,125.996,-2.064,2.039,-25.932
MEX,2019,-0.251,-1.081,-0.72,1.164,1.175,21.823,22.12,-2.264,1.366,25.242,51.859,127.216,-0.297,1.979,-3.871
MEX,2020,-8.625,-11.991,-10.988,-7.019,-4.878,22.607,20.207,-4.291,-0.5,27.789,58.505,128.209,2.4,1.862,26.905
MEX,2021,5.739,15.05,15.512,7.217,5.677,21.275,21.617,-3.757,-0.013,26.755,56.895,128.209,-0.342,1.851,-4.494
MEX,2022,3.949,8.305,8.271,8.682,8.096,21.497,22.705,-4.271,0.728,28.579,54.169,128.209,-1.207,1.861,-17.667
MYS,2000,8.671,22.57,23.698,13.278,12.71,37.706,29.397,-6.053,-4.555,25.632,32.518,23.495,8.309,0.599,8.488
MYS,2001,0.518,-6.847,-8.146,-2.658,-4.405,34.048,26.838,-4.361,-2.924,28.223,38.065,24.123,7.211,0.588,7.287
MYS,2002,5.391,4.46,6.565,7.241,7.378,34.546,27.24,-3.96,-2.353,27.144,39.532,24.727,6.546,0.602,7.19
MYS,2003,5.789,2.756,2.246,7.407,10.115,36.303,25.532,-4.597,-4.499,28.069,41.393,25.32,11.149,0.612,13.381
MYS,2004,6.783,19.281,22.955,21.797,20.149,36.949,25.85,-3.353,-2.919,25.884,41.96,25.905,11.099,0.621,15.079
MYS,2005,4.976,6.03,4.668,5.778,4.681,36.886,23.122,-2.833,-1.44,24.538,40.778,26.477,13.764,0.623,20.693
MYS,2006,5.584,14.411,15.874,6.907,6.36,38.787,23.425,-2.602,-1.643,25.574,39.662,26.832,15.362,0.625,26.179
MYS,2007,6.299,3.32,1.673,-3.852,-7.326,38.629,23.966,-2.571,-1.873,25.889,39.348,27.1,14.663,0.631,29.727
MYS,2008,4.832,-7.557,-8.698,-13.055,-11.821,38.559,22.265,-3.405,-2.043,26.92,39.361,27.6,16.295,0.642,39.424
MYS,2009,-1.514,-21.902,-23.454,-10.467,-12.963,33.236,18.407,-5.88,-4.892,30.889,50.408,28.082,14.829,0.636,31.415
MYS,2010,7.528,12.117,18.121,3.622,10.075,33.597,23.657,-4.319,-2.903,26.604,51.212,28.589,9.941,0.649,25.711
MYS,2011,5.293,5.6,4.597,6.257,5.251,34.197,23.456,-3.568,-1.985,27.088,51.898,29.062,10.741,0.658,32.459
MYS,2012,5.474,-0.607,0.257,-6.492,-3.844,31.045,25.951,-3.103,-2.071,28.505,53.788,29.51,5.094,0.671,16.245
MYS,2013,4.694,1.826,5.864,0.074,1.852,29.543,26.108,-3.478,-2.14,27.78,55.656,30.214,3.435,0.663,11.262
MYS,2014,6.007,3.801,4.13,6.502,6.595,29.485,25.158,-2.628,-0.906,25.957,55.373,30.709,4.327,0.678,14.835
MYS,2015,5.007,1.693,1.273,4.05,6.019,28.411,25.424,-2.546,-0.933,24.708,56.971,31.186,2.987,0.669,9.001
MYS,2016,4.45,1.55,0.521,3.89,3.278,28.389,25.996,-2.603,-0.759,22.858,55.787,31.634,2.393,0.673,7.21
MYS,2017,5.813,8.464,12.833,7.26,10.778,28.338,25.547,-2.412,-0.616,22.043,54.396,32.023,2.791,0.676,8.905
MYS,2018,4.843,2.329,3.118,2.125,5.623,26.128,23.897,-2.645,-0.758,22.8,55.646,32.382,2.231,0.684,8.003
MYS,2019,4.413,-1.944,-3.16,-0.812,-1.644,24.546,21.048,-2.008,0.028,23.575,57.083,32.523,3.498,0.695,12.774
MYS,2020,-5.457,-8.875,-2.837,0.401,1.361,23.824,19.658,-4.902,-2.957,25.04,67.693,32.447,4.166,0.677,14.058
MYS,2021,3.298,24.776,18.648,17.419,14.501,25.992,22.107,-6.032,-3.863,24.448,69.153,32.576,3.885,0.657,14.524
MYS,2022,8.65,16.625,19.157,9.075,6.557,26.582,23.506,-4.815,-2.711,24.682,65.593,32.652,3.076,0.691,12.519
PER,2000,2.695,4.2,4.2,9.766,9.766,14.379,17.443,-2.116,0.4,21.735,44.909,26.39,-3.064,0.261,-1.545
PER,2001,0.617,0.971,0.971,4.708,4.708,14.154,16.506,-2.154,0.128,20.934,43.841,26.715,-2.351,0.257,-1.2
PER,2002,5.454,4.332,4.332,3.979,3.979,14.651,16.682,-1.404,0.765,19.649,45.463,26.999,-2.031,0.263,-1.096
PER,2003,4.165,3.529,3.529,7.777,7.777,15.634,17.227,-1.622,0.557,20.113,49.376,27.255,-1.592,0.263,-0.932
PER,2004,4.959,7.638,7.638,11.28,11.28,16.215,16.121,-1.033,1.061,19.558,46.738,27.492,0.094,0.263,0.062
PER,2005,6.285,10.41,10.41,14.531,14.531,16.948,15.387,-0.436,1.565,20.379,40.359,27.722,1.563,0.267,1.16
PER,2006,7.529,15.452,15.452,-0.7,-0.7,22.129,18.799,2.029,3.956,19.162,34.94,27.935,3.331,0.272,2.913
PER,2007,8.518,20.67,20.67,1.672,1.672,23.755,22.267,3.348,5.181,18.593,31.87,28.122,1.488,0.281,1.52
PER,2008,9.119,24.598,24.598,7.481,7.481,22.647,27.006,2.476,3.885,19.83,28.036,28.3,-4.358,0.298,-5.286
PER,2009,1.096,-17.486,-17.486,0.197,0.197,20.185,20.704,-1.484,-0.367,21.414,28.272,28.485,-0.52,0.302,-0.633
PER,2010,8.334,27.198,27.198,1.358,1.358,22.236,24.627,-0.016,1.027,21.043,25.156,28.693,-2.391,0.311,-3.562
PER,2011,6.325,13.477,13.477,5.653,5.653,22.464,24.439,2.048,3.073,19.76,23.071,28.906,-1.975,0.318,-3.376
PER,2012,6.142,10.352,10.352,5.214,5.214,21.473,24.256,2.073,2.987,20.297,20.657,29.113,-2.783,0.315,-5.374
PER,2013,5.852,3.818,3.818,-3.366,-3.366,21.167,25.909,0.756,1.707,21.507,19.949,29.341,-4.742,0.32,-9.606
PER,2014,2.384,-1.62,-1.62,-0.957,-0.957,20.895,25.124,-0.19,0.73,22.541,20.591,29.616,-4.229,0.318,-8.582
PER,2015,3.252,0.182,0.182,2.9,2.9,19.729,24.293,-2.043,-1.136,22.249,23.965,29.964,-4.564,0.318,-8.772
PER,2016,3.954,-3.015,-3.015,11.363,11.363,20.539,22.695,-2.154,-1.222,20.851,24.336,30.423,-2.156,0.325,-4.218
PER,2017,2.522,4.493,4.493,8.014,8.014,20.644,21.448,-2.838,-1.835,20.985,25.234,30.974,-0.803,0.328,-1.733
PER,2018,3.97,1.359,1.359,1.631,1.631,21.218,22.386,-1.97,-0.837,21.243,26.024,30.974,-1.167,0.329,-2.648
PER,2019,2.24,-0.157,-0.157,1.223,1.223,21.272,21.823,-1.391,-0.216,21.178,26.957,30.974,-0.551,0.327,-1.281
PER,2020,-10.869,-11.034,-11.034,-13.882,-13.882,21.013,19.929,-9.006,-6.909,26.811,34.919,30.974,1.084,0.3,2.236
PER,2021,13.418,18.466,18.466,12.533,12.533,19.492,21.73,-2.542,-1.245,23.518,36.11,30.974,-2.238,0.32,-5.064
PER,2022,2.684,2.448,2.448,3.341,3.341,18.072,22.115,-1.398,-0.046,23.415,33.924,30.974,-4.044,0.318,-9.908
PHL,2000,4.383,20.096,22.464,20.141,22.435,13.021,15.684,-3.274,0.854,20.809,59.203,76.95,-2.663,0.528,-2.228
PHL,2001,3.049,2.791,0.927,-2.862,-2.492,16.728,18.945,-3.494,1.165,21.017,59.471,78.61,-2.217,0.531,-1.75
PHL,2002,3.716,4.896,5.585,11.812,11.174,20.125,20.459,-3.707,0.618,20.557,65.184,80.27,-0.334,0.535,-0.282
PHL,2003,5.087,5.768,7.343,8.06,9.715,19.856,19.529,-3.491,1.33,20.411,71.393,81.91,0.327,0.541,0.285
PHL,2004,6.569,2.243,2.184,10.064,8.276,22.441,20.731,-2.807,2.121,19.37,71.082,83.55,1.71,0.547,1.625
PHL,2005,4.942,6.642,6.502,4.686,-1.636,20.419,18.567,-1.625,3.424,18.741,64.674,85.17,1.853,0.549,1.99
PHL,2006,5.316,1.308,2.808,14.58,13.082,21.47,16.015,-0.046,4.563,18.282,57.189,86.79,5.455,0.549,6.963
PHL,2007,6.519,1.033,0.583,1.183,-2.517,21.304,16.129,-0.285,3.271,18.184,50.168,88.39,5.175,0.555,8.072
PHL,2008,4.344,11.155,6.87,-3.117,-0.642,19.047,18.967,0.016,3.272,17.884,50.01,89.98,0.08,0.563,0.144
PHL,2009,1.448,-8.986,-9.418,-2.109,-9.16,22.228,17.432,-2.569,0.599,19.209,49.805,91.56,4.797,0.574,8.448
PHL,2010,7.335,18.487,17.475,17.976,17.952,23.887,20.442,-2.254,0.653,18.348,47.587,93.14,3.445,0.585,7.179
PHL,2011,3.858,-0.026,1.154,4.454,3.781,23.149,20.74,-0.377,2.096,17.218,45.434,94.7,2.409,0.585,5.643
PHL,2012,6.897,11.588,10.805,15.78,20.004,22.214,19.561,-0.219,2.291,17.706,45.691,96.25,2.653,0.607,6.949
PHL,2013,6.751,-0.224,-3.713,0.225,-5.271,24.652,20.642,0.371,2.74,17.325,43.863,97.79,4.01,0.618,11.384
PHL,2014,6.348,15.861,11.527,13.695,14.633,24.54,20.924,1.323,3.477,16.831,40.299,99.31,3.616,0.637,10.756
PHL,2015,6.348,7.722,4.267,2.966,-6.949,23.712,21.341,0.145,2.108,17.786,39.688,100.83,2.371,0.654,7.266
PHL,2016,7.149,18.173,22.361,9.623,5.991,24.242,24.619,-0.744,1.036,19.011,37.376,102.53,-0.376,0.686,-1.199
PHL,2017,6.931,17.114,19.358,20.45,24.623,24.906,25.559,-0.752,0.876,19.457,38.13,104.17,-0.652,0.696,-2.143
PHL,2018,6.341,9.734,11.807,8.036,3.904,24.591,27.151,-1.484,0.169,20.913,37.147,105.76,-2.559,0.715,-8.877
PHL,2019,6.119,-1.379,-2.491,5.423,3.466,25.593,26.402,-1.502,0.068,21.72,36.973,107.29,-0.809,0.738,-3.047
PHL,2020,-9.518,-23.498,-20.01,-16.899,-11.314,20.634,17.433,-5.544,-3.726,25.92,51.644,108.77,3.201,0.688,11.578
PHL,2021,5.715,14.581,18.121,6.437,9.132,19.633,21.141,-6.231,-4.427,27.2,57.005,110.2,-1.508,0.683,-5.943
PHL,2022,7.57,14.78,13.294,12.607,6.459,20.181,24.698,-5.477,-3.493,25.891,57.399,111.57,-4.517,0.711,-18.261
POL,2000,4.26,15.526,15.526,23.21,23.21,18.774,24.494,-3.994,-0.986,43.034,36.376,38.263,-6.027,0.888,-10.343
POL,2001,1.205,-5.327,-5.327,3.118,3.118,17.614,20.463,-4.727,-1.622,44.702,37.14,38.254,-3.116,0.877,-5.946
POL,2002,1.443,2.773,2.773,4.824,4.824,18.409,18.409,-4.8,-1.934,45.041,41.542,38.242,-2.785,0.866,-5.544
POL,2003,3.498,9.331,9.331,14.08,14.08,18.805,18.805,-6.011,-3.065,45.423,46.366,38.219,-2.513,0.861,-5.473
POL,2004,4.983,8.559,8.559,4.775,4.775,14.238,20.23,-5.01,-2.301,43.48,45.137,38.191,-5.992,0.859,-15.297
POL,2005,3.507,6.308,6.308,9.97,9.97,16.576,19.888,-3.938,-1.476,44.236,46.604,38.174,-3.312,0.849,-10.146
POL,2006,6.131,17.865,17.865,15.373,15.373,17.012,21.678,-3.539,-1.171,44.451,47.271,38.157,-4.666,0.856,-16.081
POL,2007,7.062,15.796,15.796,10.058,10.058,18.501,25.196,-1.883,0.295,42.9,44.499,38.125,-6.695,0.87,-28.722
POL,2008,4.2,9.458,9.458,7.051,7.051,17.877,24.649,-3.606,-1.491,44.172,46.735,38.116,-6.772,0.881,-36.135
POL,2009,2.832,-12.587,-12.587,-5.935,-5.935,16.605,20.56,-7.252,-4.8,45.014,49.821,38.136,-3.955,0.91,-17.394
POL,2010,2.935,14.293,14.293,12.458,12.458,15.8,20.977,-7.465,-4.954,46.245,54.01,38.023,-5.177,0.89,-24.627
POL,2011,5.042,5.12,5.12,7.69,7.69,17.329,22.453,-5.004,-2.445,44.415,55.134,38.063,-5.124,0.9,-26.868
POL,2012,1.545,-0.671,-0.671,3.971,3.971,16.861,20.969,-3.816,-1.121,43.432,54.784,38.064,-4.108,0.89,-20.344
POL,2013,0.857,1.807,1.807,5.068,5.068,17.343,19.301,-4.268,-1.714,43.415,57.116,38.063,-1.957,0.874,-10.095
POL,2014,3.837,9.368,9.368,5.514,5.514,18.022,20.975,-3.669,-1.691,42.907,51.39,38.018,-2.953,0.876,-15.923
POL,2015,4.383,5.578,5.578,6.589,6.589,19.689,20.984,-2.6,-0.839,41.737,51.345,38.006,-1.294,0.909,-6.17
POL,2016,2.954,7.718,7.718,9.005,9.005,19.199,20.222,-2.399,-0.683,41.334,54.501,37.967,-1.024,0.918,-4.808
POL,2017,5.14,9.875,9.875,9.046,9.046,18.875,20.021,-1.492,0.079,41.419,50.797,37.973,-1.146,0.93,-6.016
POL,2018,5.945,7.523,7.523,6.759,6.759,19.522,21.45,-0.25,1.189,41.447,48.709,37.977,-1.928,0.952,-11.352
POL,2019,4.45,3.192,3.192,5.337,5.337,20.254,20.497,-0.743,0.63,41.876,45.708,37.973,-0.242,0.967,-1.445
POL,2020,-2.02,-2.412,-2.412,-1.088,-1.088,21.222,18.759,-6.923,-5.619,48.247,57.175,37.958,2.463,0.976,14.764
POL,2021,6.935,16.142,16.142,12.335,12.335,20.5,21.75,-1.832,-0.725,44.092,53.605,37.84,-1.25,0.981,-8.515
POL,2022,5.26,6.793,6.793,6.743,6.743,19.989,22.415,-3.678,-2.135,43.898,49.296,37.654,-2.426,0.999,-16.697
QAT,2000,6.946,22.488,-4.193,5.27,4.993,50.181,19.317,4.622,8.897,29.785,51.599,0.594,9.175,0.113,1.659
QAT,2001,4.5,5.622,19.49,-5.82,-6.822,52.683,19.317,4.481,8.906,32.11,59.225,0.612,23.728,0.115,4.152
QAT,2002,6.873,-3.961,11.282,4.864,5.037,52.321,19.317,7.891,11.255,31.581,47.666,0.63,19.778,0.12,3.824
QAT,2003,3.987,49.374,11.327,-8.731,-9.784,59.628,19.317,6.711,9.045,28.507,38.788,0.66,24.261,0.12,5.754
QAT,2004,19.225,17.105,15.136,25.82,25.402,53.728,19.317,17.691,19.39,29.919,30.061,0.72,24.638,0.135,7.552
QAT,2005,7.792,51.906,63.699,9.318,6.596,51.226,19.317,9.803,10.969,28.99,19.126,0.821,16.762,0.139,7.482
QAT,2006,28.082,57.999,56.372,16.041,15.153,55.79,19.317,8.395,9.322,29.545,13.947,0.968,16.133,0.17,9.459
QAT,2007,18.191,25.307,34.725,14.713,17.06,58.448,19.317,10.343,11.028,29.456,9.365,1.152,15.079,0.191,11.458
QAT,2008,17.494,5.918,7.42,15.792,16.799,63.347,19.317,9.489,9.986,23.547,11.357,1.554,23.614,0.217,26.595
QAT,2009,13.063,-10.865,-3.654,2.731,4.407,43.998,19.317,14.129,15.306,36.432,35.98,1.639,7.244,0.247,6.389
QAT,2010,17.746,-1.425,-13.072,31.103,30.683,48.177,19.317,4.6,5.841,31.997,30.425,1.715,20.009,0.276,23.952
QAT,2011,11.302,40.79,17.229,18.674,15.468,60.099,19.317,5.236,6.688,28.497,33.474,1.733,31.068,0.296,52.124
QAT,2012,4.73,21.606,16.157,11.383,10.237,60.329,19.317,8.554,10.004,30.984,32.118,1.833,33.185,0.308,62.0
QAT,2013,5.556,8.707,5.798,3.42,1.61,58.252,19.317,19.27,20.546,28.293,30.883,2.004,30.424,0.305,60.461
QAT,2014,5.334,6.04,0.738,1.985,-0.108,55.749,19.317,13.352,14.525,32.315,24.912,2.216,23.959,0.289,49.41
QAT,2015,4.753,-9.164,-0.098,-2.83,-4.369,45.569,19.317,18.447,19.935,38.56,35.547,2.438,8.502,0.213,13.751
QAT,2016,3.064,5.196,18.263,-3.99,-4.924,43.362,19.317,-9.203,-7.718,40.138,46.707,2.618,-5.45,0.189,-8.27
QAT,2017,-1.498,-3.471,-7.63,0.626,-1.276,46.6,19.317,-6.82,-5.424,34.663,51.569,2.725,3.989,0.204,6.426
QAT,2018,1.235,4.6,4.159,4.755,5.456,49.742,19.317,2.26,3.729,28.896,52.177,2.76,9.083,0.199,16.652
QAT,2019,0.688,1.87,-4.349,0.227,-0.554,46.151,19.317,0.999,2.709,32.464,62.087,2.799,2.415,0.195,4.26
QAT,2020,-3.558,-8.871,-23.275,-0.165,-1.354,41.782,19.317,-2.134,0.191,34.699,72.61,2.834,-2.068,0.194,-2.986
QAT,2021,1.627,1.627,-0.381,-2.356,-0.635,53.266,19.317,0.243,2.013,29.368,58.39,2.748,14.644,0.185,26.319
QAT,2022,4.2,4.2,18.376,8.256,1.506,57.958,19.317,10.351,11.709,24.273,42.473,2.932,26.716,0.187,63.118
SAU,2000,5.625,18.914,7.868,4.0,5.794,26.871,19.317,3.184,6.57,33.133,86.702,18.138,7.554,1.619,14.317
SAU,2001,-1.211,-7.048,6.092,-0.945,-1.247,24.703,19.623,-3.906,-0.529,36.939,93.148,18.603,5.08,1.561,9.353
SAU,2002,-2.819,4.071,4.043,-8.489,-9.416,25.955,19.693,-5.907,-2.984,35.864,96.352,19.08,6.262,1.476,11.873
SAU,2003,11.242,5.815,9.651,20.562,21.8,32.489,19.493,1.199,3.82,33.116,81.564,19.569,12.997,1.578,28.048
SAU,2004,7.958,12.663,11.963,9.036,9.814,39.933,19.865,9.718,11.357,31.094,62.928,20.071,20.069,1.618,51.926
SAU,2005,5.574,24.555,26.052,12.618,6.149,47.594,20.175,17.987,18.769,28.151,37.343,20.586,27.419,1.632,89.99
SAU,2006,2.788,21.954,10.341,2.699,-0.135,49.605,22.215,20.823,21.299,27.269,25.831,21.113,27.39,1.594,103.094
SAU,2007,1.847,21.324,22.136,3.854,2.156,50.386,26.473,11.784,10.822,29.453,17.115,21.655,23.913,1.541,99.403
SAU,2008,6.25,10.693,12.117,-3.876,4.339,54.18,27.296,29.802,28.569,26.68,12.056,22.21,26.884,1.591,139.743
SAU,2009,-2.059,-4.817,-10.937,-8.519,-9.818,38.318,31.715,-5.383,-5.533,37.066,13.989,22.78,6.603,1.565,28.333
SAU,2010,5.04,-1.605,2.425,7.364,7.291,45.014,30.926,4.392,4.73,33.012,8.426,23.978,14.088,1.562,74.415
SAU,2011,10.994,5.511,14.308,9.452,10.038,51.925,27.541,11.462,11.525,32.581,5.34,25.092,24.384,1.669,164.99
SAU,2012,5.409,9.356,18.915,4.228,5.395,50.456,27.046,11.838,11.63,32.97,3.012,26.169,23.41,1.67,173.664
SAU,2013,2.535,10.032,11.339,2.0,1.604,45.868,26.89,5.585,5.12,35.187,2.127,27.624,18.978,1.602,143.068
SAU,2014,3.811,16.074,6.513,2.2,1.953,39.488,29.018,-3.495,-4.191,39.676,1.541,28.309,10.47,1.589,80.26
SAU,2015,4.509,3.154,8.586,3.97,2.701,26.361,34.224,-15.479,-17.452,39.883,5.668,29.816,-7.863,1.406,-52.64
SAU,2016,1.885,-16.574,-16.514,5.862,4.262,27.226,30.898,-13.656,-16.525,34.455,12.676,30.954,-3.672,1.308,-24.454
SAU,2017,0.911,-0.609,-5.508,-0.308,-0.747,30.492,28.796,-8.887,-11.266,32.067,16.532,30.977,1.696,1.325,12.126
SAU,2018,3.199,2.218,0.252,8.777,8.324,34.741,26.123,-5.454,-6.038,33.98,17.639,30.196,8.618,1.32,72.956
SAU,2019,1.098,3.269,10.089,-3.377,-6.425,32.881,28.296,-4.203,-4.234,33.677,21.56,30.064,4.585,1.299,38.451
SAU,2020,-3.582,-16.114,-9.496,-14.452,-5.194,24.212,27.691,-10.68,-12.479,39.068,31.001,31.553,-3.479,1.29,-25.547
SAU,2021,5.075,5.308,0.372,5.674,5.234,30.221,25.448,-2.241,-2.015,31.693,28.616,30.784,4.772,1.274,41.718
SAU,2022,7.486,10.487,14.265,24.112,9.227,40.095,26.427,2.491,2.347,28.25,23.933,32.175,13.668,1.325,151.519
THA,2000,4.455,27.118,6.92,17.488,24.235,30.051,22.283,-1.792,-0.591,19.346,57.826,62.953,7.368,0.904,9.313
THA,2001,3.444,-5.496,-3.418,-4.211,0.497,27.959,23.112,-1.768,-0.519,20.824,57.469,63.539,4.24,0.913,5.101
THA,2002,6.149,6.221,3.797,5.887,3.959,26.578,22.744,-6.722,-5.383,25.712,54.902,64.069,3.466,0.943,4.654
THA,2003,7.189,11.096,13.457,9.134,11.682,27.116,23.829,1.978,3.074,18.286,47.501,64.55,3.134,0.971,4.772
THA,2004,6.289,20.305,20.557,14.631,14.42,27.792,25.681,1.106,2.365,19.331,46.266,64.995,1.596,0.98,2.759
THA,2005,4.188,16.19,18.606,7.76,7.481,26.384,30.421,2.173,3.391,19.58,45.462,65.416,-4.036,0.976,-7.642
THA,2006,4.968,2.943,1.197,10.788,11.176,28.055,27.012,1.867,3.233,18.739,39.177,65.813,1.044,0.973,2.315
THA,2007,5.435,4.2,3.435,8.894,11.756,31.423,25.496,0.22,1.275,19.999,35.985,66.182,5.927,0.974,15.584
THA,2008,1.726,11.399,12.431,6.264,4.832,28.546,28.226,0.801,1.912,19.226,34.947,66.531,0.319,0.963,0.931
THA,2009,-0.691,-20.772,-20.397,-12.14,-13.738,28.513,20.636,-2.214,-1.181,21.722,42.364,66.867,7.877,0.961,22.189
THA,2010,7.513,22.956,27.287,14.22,16.69,28.724,25.357,-1.07,0.032,22.009,39.831,67.195,3.367,0.981,11.486
THA,2011,0.84,12.4,13.465,9.509,8.724,29.334,26.791,0.094,1.285,21.113,39.116,67.518,2.542,0.952,9.427
THA,2012,7.243,5.629,6.653,3.662,2.228,26.792,28.024,-0.86,0.349,22.251,41.93,67.836,-1.232,1.0,-4.899
THA,2013,2.687,1.681,2.019,2.514,0.37,25.356,27.457,0.516,1.635,21.636,42.19,68.145,-2.102,0.991,-8.833
THA,2014,0.984,-5.298,-6.761,0.345,0.946,26.777,23.919,-0.801,0.323,22.186,43.335,68.439,2.858,0.964,11.643
THA,2015,3.134,0.004,-0.683,1.25,-1.845,29.271,22.356,0.132,1.139,22.182,42.559,68.715,6.916,0.969,27.753
THA,2016,3.435,-0.992,-2.476,2.696,0.402,31.614,21.105,0.569,1.422,21.35,41.745,68.971,10.508,0.984,43.438
THA,2017,4.178,6.227,7.368,5.181,5.638,32.565,22.934,-0.425,0.517,21.522,41.778,69.21,9.631,0.983,43.952
THA,2018,4.223,8.274,7.65,3.351,3.925,30.839,25.22,0.12,1.141,21.352,41.941,69.428,5.62,0.989,28.479
THA,2019,2.115,-5.167,-5.821,-2.954,-3.667,30.847,23.815,0.419,1.435,20.562,41.063,69.626,7.033,0.983,38.256
THA,2020,-6.05,-13.911,-10.467,-19.681,-5.814,27.938,23.755,-4.455,-3.487,24.886,49.42,69.8,4.183,0.951,20.933
THA,2021,1.549,17.771,17.914,11.089,15.472,26.597,28.626,-6.746,-5.484,26.767,58.337,69.951,-2.028,0.907,-10.269
THA,2022,2.511,3.61,1.209,6.142,1.201,24.653,27.829,-4.46,-3.141,24.517,60.522,70.078,-3.176,0.9,-15.742
TUR,2000,6.933,27.107,32.848,12.871,11.522,21.292,23.718,-8.37,3.728,39.476,51.318,64.73,-3.616,1.379,-9.92
TUR,2001,-5.75,-24.68,-24.805,12.2,22.158,21.366,18.025,-11.668,4.589,44.037,75.509,65.603,1.859,1.269,3.76
TUR,2002,6.448,17.395,20.719,1.802,15.806,22.322,21.108,-11.339,2.261,41.013,71.506,66.402,-0.261,1.314,-0.626
TUR,2003,5.763,17.826,19.273,9.303,12.526,20.683,22.309,-7.572,4.145,38.428,65.16,67.187,-2.4,1.335,-7.554
TUR,2004,9.796,20.882,20.575,13.29,13.681,22.312,24.982,-4.122,4.611,34.56,57.158,68.01,-3.47,1.392,-14.198
TUR,2005,8.992,12.224,12.209,8.895,10.286,23.648,26.804,-0.749,4.334,32.112,50.196,68.861,-4.145,1.45,-20.98
TUR,2006,6.948,7.503,8.443,6.75,12.302,24.627,29.349,-0.685,4.118,34.028,44.225,69.73,-5.615,1.473,-31.168
TUR,2007,5.044,13.282,12.714,8.077,11.507,23.924,28.601,-1.926,2.634,33.445,37.759,70.586,-5.43,1.469,-36.949
TUR,2008,0.815,-0.642,-1.363,7.571,6.593,24.629,28.739,-2.64,1.467,34.191,37.748,71.517,-5.115,1.439,-39.425
TUR,2009,-4.823,-11.861,-12.931,-4.465,-7.758,21.904,22.816,-5.839,-1.537,37.889,43.212,72.561,-1.751,1.376,-11.358
TUR,2010,8.427,17.443,17.719,6.6,11.434,21.771,26.753,-3.461,-0.002,35.924,39.511,73.723,-5.745,1.417,-44.616
TUR,2011,11.2,11.38,12.894,8.675,6.337,23.016,31.003,-0.727,1.759,33.169,35.912,74.724,-8.873,1.517,-74.402
TUR,2012,4.788,1.324,0.934,13.982,16.214,23.351,28.073,-1.806,0.674,34.139,32.227,75.627,-5.372,1.536,-47.278
TUR,2013,8.486,8.57,7.3,6.072,-0.901,23.898,29.619,-1.216,1.056,33.693,30.892,76.668,-5.754,1.609,-55.092
TUR,2014,4.94,-0.066,-1.108,6.202,4.307,24.893,28.967,-1.171,0.788,32.812,28.277,77.696,-4.051,1.693,-38.02
TUR,2015,6.084,2.514,2.442,2.647,2.617,25.218,28.199,-0.928,0.914,32.865,27.163,78.741,-3.081,1.803,-26.625
TUR,2016,3.323,3.053,3.338,-1.022,3.822,24.98,28.02,-1.597,-0.234,34.102,27.747,79.815,-3.068,1.817,-26.668
TUR,2017,7.502,8.975,9.84,12.266,8.284,26.056,30.694,-1.674,-0.349,32.837,27.777,80.811,-4.652,1.86,-39.955
TUR,2018,3.013,-8.113,-9.124,10.103,4.967,27.988,29.458,-3.242,-1.726,34.045,29.86,82.004,-2.583,1.85,-20.151
TUR,2019,0.819,-4.021,-5.052,9.25,6.534,26.389,24.878,-4.795,-2.908,34.862,32.39,83.155,1.42,1.815,10.798
TUR,2020,1.86,6.788,10.703,-15.164,-5.159,27.072,31.341,-4.723,-2.802,34.112,39.446,83.614,-4.432,1.904,-31.914
TUR,2021,11.439,3.181,1.653,32.38,21.317,30.62,31.404,-3.009,-1.337,30.822,40.384,84.68,-0.904,1.994,-7.398
TUR,2022,5.533,11.934,8.568,19.144,3.352,30.028,35.04,-1.119,0.142,27.7,30.802,85.28,-5.419,2.036,-49.085
TWN,2000,6.314,15.086,17.555,17.698,18.861,29.561,27.221,-5.33,2.971,32.293,26.227,22.277,2.485,0.941,8.219
TWN,2001,-1.402,-14.261,-16.66,-8.337,-8.878,27.187,21.464,-5.588,2.971,24.332,30.126,22.406,5.708,0.906,17.084
TWN,2002,5.481,5.767,6.476,11.128,11.343,28.907,21.053,-5.242,2.971,22.06,29.779,22.521,7.919,0.93,24.346
TWN,2003,4.225,7.356,8.464,10.931,12.135,30.049,21.741,-4.333,2.971,22.173,32.15,22.605,8.904,0.931,28.261
TWN,2004,6.952,17.84,18.685,14.397,13.889,30.459,25.455,-4.622,2.971,21.243,33.446,22.689,4.976,0.946,17.263
TWN,2005,5.383,2.778,3.252,6.026,5.35,29.474,24.561,-2.497,2.971,20.925,34.068,22.77,3.996,0.952,14.948
TWN,2006,5.771,4.562,5.513,11.798,12.361,31.275,24.706,-2.179,2.971,19.494,33.297,22.877,5.992,0.957,23.157
TWN,2007,6.851,3.516,3.287,9.83,9.293,33.123,24.208,-2.223,2.971,19.02,32.157,22.958,7.875,0.971,32.044
TWN,2008,0.799,-1.478,-0.833,3.08,3.263,31.049,24.61,-2.737,2.971,19.752,33.353,23.037,5.962,0.951,24.794
TWN,2009,-1.613,-14.711,-15.208,-10.127,-10.541,31.062,19.972,-6.196,2.971,22.556,36.711,23.12,10.404,0.94,40.662
TWN,2010,10.245,30.629,32.04,27.62,28.048,34.056,25.088,-5.092,2.971,20.138,36.89,23.162,8.266,0.984,36.726
TWN,2011,3.674,1.745,1.575,5.96,5.977,31.969,23.606,-4.034,2.971,20.204,38.343,23.225,7.834,0.982,37.914
TWN,2012,2.222,21.599,21.132,21.192,22.084,32.247,22.69,-4.314,2.971,20.128,39.205,23.316,8.661,0.964,42.925
TWN,2013,2.484,1.203,1.587,0.962,0.572,33.288,22.536,-3.242,2.971,19.336,38.895,23.374,9.735,0.959,49.937
TWN,2014,4.719,1.889,1.624,2.699,1.523,34.75,22.564,-2.725,2.971,18.156,37.488,23.434,11.321,0.97,60.607
TWN,2015,1.466,-0.746,-1.377,-2.129,-2.826,36.564,21.731,-1.782,2.971,17.393,35.941,23.492,13.614,0.982,72.769
TWN,2016,2.165,-5.347,-6.524,-4.869,-5.614,36.112,21.632,-2.193,2.971,17.521,35.364,23.54,13.121,0.955,71.259
TWN,2017,3.311,3.186,3.692,6.311,6.739,36.103,20.971,-2.022,2.971,17.332,34.514,23.571,14.063,0.932,83.073
TWN,2018,2.787,1.525,1.031,0.471,-0.675,35.133,22.236,-1.866,2.971,17.369,33.914,23.589,11.635,0.925,70.883
TWN,2019,3.064,2.343,2.567,2.068,1.468,35.756,23.8,-1.776,2.971,17.281,32.725,23.603,10.748,0.927,65.71
TWN,2020,3.387,-3.287,3.573,0.06,3.6,40.269,24.217,-2.917,2.971,18.162,32.134,23.561,14.447,0.987,97.254
TWN,2021,6.62,17.375,19.651,18.437,18.754,43.877,27.409,-2.064,2.971,17.394,30.239,23.375,15.261,0.989,117.976
TWN,2022,2.588,1.513,0.159,-0.88,-2.045,43.032,28.148,-0.489,2.971,16.12,27.49,23.334,13.251,0.982,100.829
ZAF,2000,4.2,5.338,7.733,8.314,8.947,14.947,15.06,-1.383,2.971,22.646,37.929,44.9,-0.113,0.752,-0.172
ZAF,2001,2.7,0.25,0.155,2.393,0.815,14.82,14.574,-1.015,3.023,22.62,38.045,45.724,0.246,0.753,0.333
ZAF,2002,3.7,5.342,5.613,0.989,-0.809,15.843,15.036,-0.958,2.528,22.213,31.801,46.355,0.807,0.76,1.044
ZAF,2003,2.949,8.085,4.649,0.109,-1.762,14.922,15.657,-1.588,1.517,22.619,31.514,46.806,-0.735,0.752,-1.447
ZAF,2004,4.555,15.508,17.895,2.834,4.158,14.489,16.96,-1.044,1.887,22.708,30.733,47.31,-2.472,0.747,-6.332
ZAF,2005,5.277,10.879,11.776,8.567,8.802,14.039,16.832,-0.102,2.575,25.14,29.637,47.86,-2.792,0.751,-8.063
ZAF,2006,5.604,18.261,19.888,7.463,6.987,14.462,18.49,0.813,3.258,24.667,28.03,48.446,-4.028,0.754,-12.248
ZAF,2007,5.36,9.366,10.046,7.829,7.459,14.48,19.326,1.215,3.413,24.429,24.326,49.089,-4.846,0.754,-16.121
ZAF,2008,3.191,2.809,4.079,1.55,2.036,16.269,21.287,-0.488,1.55,26.009,24.045,49.795,-5.018,0.756,-15.881
ZAF,2009,-1.538,-17.66,-21.394,-17.024,-18.517,16.332,18.767,-4.667,-2.621,28.457,26.995,50.545,-2.435,0.748,-8.063
ZAF,2010,3.04,10.794,9.743,7.718,8.702,16.26,17.596,-4.514,-2.284,28.34,31.185,51.329,-1.336,0.732,-5.576
ZAF,2011,3.169,11.838,14.677,3.008,3.456,16.847,18.853,-3.704,-1.402,28.08,34.742,52.129,-2.006,0.727,-9.204
ZAF,2012,2.396,3.868,6.511,1.112,0.106,13.895,18.585,-4.039,-1.595,28.619,37.408,52.93,-4.689,0.692,-20.371
ZAF,2013,2.485,4.039,5.119,3.733,3.645,13.842,19.169,-3.904,-1.248,28.91,40.356,53.751,-5.326,0.69,-21.353
ZAF,2014,1.414,-0.687,-0.147,3.646,3.193,13.682,18.488,-3.926,-1.159,29.321,43.253,54.574,-4.806,0.675,-18.321
ZAF,2015,1.322,5.045,5.055,3.06,3.304,14.294,18.633,-4.374,-1.44,30.164,45.195,55.407,-4.339,0.677,-15.043
ZAF,2016,0.665,-4.133,-4.529,0.407,-0.607,14.285,16.96,-3.725,-0.617,29.909,47.134,56.252,-2.676,0.663,-8.656
ZAF,2017,1.158,1.533,2.118,-0.273,0.534,14.243,16.611,-4.016,-0.762,29.86,48.588,57.098,-2.368,0.644,-9.028
ZAF,2018,1.557,3.479,4.823,2.748,3.658,13.242,16.171,-3.732,-0.353,30.152,51.536,57.939,-2.929,0.632,-11.865
ZAF,2019,0.26,0.553,0.812,-3.313,-3.381,13.216,15.821,-4.696,-1.13,31.394,56.101,58.775,-2.604,0.616,-10.137
ZAF,2020,-5.963,-17.577,-15.421,-11.968,-6.278,14.482,12.538,-9.612,-5.531,34.583,68.863,59.622,1.944,0.597,6.574
ZAF,2021,4.703,9.58,10.018,9.09,11.311,16.696,13.045,-5.534,-1.324,32.602,68.797,60.143,3.651,0.587,15.334
ZAF,2022,1.91,14.893,12.582,7.39,4.03,14.926,15.379,-4.273,0.254,32.01,71.121,60.604,-0.453,0.579,-1.834
